Id,preco
0,1232270.19
1,1097317.85
2,1258495.14
3,1140955.91
4,1110007.98
5,1041792.43
6,1266686.34
7,1272887.67
8,1078314.06
9,1427072.75
10,1301372.52
11,1491203.78
12,1354999.25
13,971920.52
14,1256145.4
15,1015946.05
16,1107832.45
17,1102630.71
18,1121765.62
19,1634978.72
20,1039375.05
21,1101941.34
22,1107719.31
23,1167834.96
24,1216272.58
25,1089923.34
26,1163444.58
27,1168914.44
28,1191345.94
29,1453704.84
30,1047496.42
31,1575631.56
32,1311627.44
33,1519402.47
34,1387150.22
35,1279318.45
36,1119579.19
37,1560633.0
38,1211672.99
39,1116889.59
40,1659985.9
41,1250627.82
42,1101444.09
43,1424371.12
44,1543178.67
45,900338.27
46,2414650.83
47,1132705.45
48,966395.06
49,1173067.47
50,1139635.44
51,1080419.03
52,1325204.43
53,1435483.63
54,1320269.89
55,1086852.06
56,1025224.39
57,1089100.58
58,1388185.11
59,1580810.59
60,1711860.89
61,1140619.74
62,1392187.74
63,2045098.81
64,1112582.02
65,1140524.49
66,1163584.47
67,1333620.32
68,1274420.58
69,1148590.68
70,1811206.27
71,1111755.35
72,1224318.19
73,1107142.15
74,1073602.43
75,1771108.35
76,1111028.64
77,1169175.11
78,1070831.25
79,1058002.1
80,1163973.64
81,1125632.57
82,1182357.97
83,1532102.59
84,1766229.04
85,960321.01
86,1105373.47
87,1147673.68
88,1158576.54
89,1078418.02
90,1356719.74
91,1276671.49
92,1015207.5
93,1003453.83
94,982010.48
95,1499103.42
96,1334497.16
97,1446115.04
98,1092183.43
99,1220894.57
100,1033511.13
101,1115319.18
102,1609403.72
103,1376942.8
104,1122645.4
105,1302978.18
106,1295744.32
107,1625117.36
108,1140749.55
109,1154621.32
110,1158882.98
111,1316080.23
112,930278.85
113,1179071.18
114,1282874.11
115,969204.39
116,1167958.75
117,1832082.39
118,1055499.36
119,1063589.83
120,1921396.12
121,1197801.89
122,1236808.54
123,1110194.48
124,1028158.98
125,1217837.62
126,1154816.8
127,1546154.18
128,1098267.78
129,1392493.5
130,1435578.24
131,1769551.7
132,1328050.78
133,2073369.72
134,1441533.46
135,1252102.13
136,1298922.96
137,3093851.85
138,1451849.17
139,1112174.45
140,1927925.51
141,1153642.25
142,1199896.12
143,1601696.6
144,1147365.95
145,1219068.62
146,1090621.91
147,1824787.56
148,1351823.58
149,1324722.69
150,1234905.2
151,1447004.87
152,1519072.47
153,1270711.35
154,1125988.5
155,1427564.81
156,1166393.78
157,1089361.27
158,1223965.04
159,1765926.7
160,1722497.61
161,1112682.31
162,1459336.11
163,1246238.48
164,1085164.83
165,1035569.82
166,1165504.73
167,1253561.81
168,1171591.49
169,1514599.46
170,1376355.7
171,1163752.48
172,1253025.09
173,1226799.2
174,1167909.69
175,2006769.91
176,1218638.47
177,1083639.83
178,1551549.01
179,1053356.5
180,1530067.49
181,917474.67
182,1592635.57
183,1393015.17
184,1294330.4
185,1139327.51
186,1232981.34
187,1166167.68
188,1524854.39
189,1081164.39
190,1798483.96
191,1632269.57
192,1163000.55
193,1144477.05
194,1099862.45
195,1231853.49
196,1022302.62
197,1832738.32
198,1088048.43
199,1164179.19
200,1496659.61
201,1098621.97
202,1193542.3
203,1353805.05
204,1180309.97
205,1133894.89
206,997857.68
207,1074306.15
208,1534746.9
209,1417082.13
210,1184996.03
211,1739661.98
212,1183455.62
213,1200793.24
214,1633241.66
215,1111675.58
216,1009618.81
217,1311450.44
218,1153492.58
219,1091320.61
220,1161203.06
221,1275752.51
222,3678366.2
223,1106778.16
224,1060220.28
225,1338657.21
226,1025227.72
227,1213236.87
228,8461579.33
229,1021806.85
230,1088289.26
231,1168110.82
232,1052273.44
233,1220829.64
234,1371955.31
235,788728.58
236,1415428.52
237,1366557.62
238,1363262.0
239,1168287.28
240,1273490.86
241,1067604.9
242,1165365.48
243,1113779.68
244,1012714.75
245,1086457.33
246,1066771.45
247,1268586.89
248,1205826.36
249,1367872.81
250,1539299.11
251,875614.12
252,1218092.95
253,1192231.74
254,1214317.92
255,1332962.3
256,1028605.18
257,1489192.54
258,1762750.25
259,1351366.01
260,1150677.68
261,1216042.36
262,1223723.24
263,1339157.25
264,1096469.78
265,1114221.94
266,1042228.22
267,1311911.03
268,1171187.89
269,1430933.69
270,1076329.36
271,1322870.45
272,1228059.76
273,1127867.73
274,1106038.34
275,1319969.18
276,1197938.49
277,1449648.18
278,1026877.81
279,1268982.8
280,1021188.39
281,1387825.54
282,1083617.35
283,1110313.67
284,1396676.31
285,2462501.91
286,1159699.02
287,1341104.52
288,1183171.42
289,1329461.54
290,1558192.5
291,1178417.19
292,1268052.28
293,1161664.74
294,1786823.18
295,1007210.07
296,1038120.79
297,1313634.72
298,1172508.84
299,1333850.97
300,1235185.96
301,1165891.94
302,1090532.85
303,1339427.85
304,1023242.22
305,1265452.48
306,1098009.44
307,1183941.99
308,1144081.42
309,1202070.45
310,1099525.31
311,1652418.58
312,1420488.65
313,1137873.05
314,804164.91
315,1278847.19
316,1577429.22
317,1525524.85
318,1139216.05
319,1057125.05
320,1112864.99
321,1603186.15
322,1413431.68
323,1105760.51
324,1187523.32
325,1369508.84
326,1150181.38
327,1556691.53
328,1151619.01
329,1135327.94
330,1210919.98
331,1138480.46
332,973521.93
333,1308176.52
334,1464987.59
335,1131221.46
336,1118034.46
337,1093788.62
338,1507067.42
339,1342092.06
340,1162154.02
341,1575706.28
342,1545677.17
343,1371731.88
344,1361678.5
345,1644521.71
346,1085122.74
347,1234430.92
348,1165568.09
349,1427882.34
350,1201611.84
351,1392976.43
352,1266057.81
353,1489099.36
354,1079468.09
355,1175973.88
356,1243486.26
357,1540183.04
358,1143177.74
359,1367280.21
360,1117363.91
361,1410510.55
362,1190735.75
363,863466.44
364,1112401.98
365,1266890.08
366,1549747.17
367,1017098.02
368,1604046.16
369,1614179.81
370,1046052.96
371,1091047.64
372,1181201.7
373,1489920.76
374,1456574.27
375,1638254.12
376,1135548.76
377,1122662.72
378,1817044.43
379,1373183.98
380,1274185.35
381,1049027.29
382,1157248.55
383,1318290.5
384,1380658.4
385,1426971.43
386,1545776.84
387,1402504.33
388,1102725.15
389,1286099.23
390,1626742.55
391,1071873.97
392,1874407.2
393,1356321.42
394,797883.56
395,1070471.11
396,1108864.34
397,1172012.61
398,1412675.05
399,1258622.24
400,1188118.01
401,1134125.69
402,1160706.6
403,1075978.73
404,1359101.86
405,1600645.39
406,1117845.6
407,1179761.79
408,1273505.37
409,1155496.21
410,1417054.05
411,1005920.86
412,897574.01
413,1175622.92
414,1053188.21
415,1316682.67
416,1259445.86
417,1236618.12
418,1064420.68
419,1003379.04
420,1242993.12
421,1096351.03
422,977000.79
423,991687.43
424,1032121.97
425,1384886.28
426,1556963.32
427,1544555.97
428,1817991.95
429,1078019.15
430,1132383.79
431,1020794.07
432,1404455.07
433,1103275.98
434,1345402.7
435,1266408.88
436,1537593.2
437,1359999.31
438,1067926.84
439,1055684.8
440,1202270.57
441,1135320.21
442,1049187.56
443,1101740.97
444,1360618.2
445,1390070.19
446,888762.43
447,1087860.3
448,1274797.9
449,1121338.28
450,1114328.25
451,1419873.63
452,1277157.23
453,1193929.1
454,1019632.53
455,977873.08
456,1502359.1
457,932434.23
458,1149282.54
459,1043521.29
460,1007055.37
461,1194706.03
462,1139152.54
463,1106248.49
464,1148297.75
465,1163614.35
466,1649349.91
467,1454821.69
468,1341064.45
469,1997633.7
470,1547104.48
471,1162537.7
472,1056822.68
473,966256.29
474,1129268.11
475,1432352.48
476,1256155.88
477,1062026.67
478,1092764.91
479,1292608.62
480,1332457.52
481,1599211.04
482,1237525.53
483,1067036.76
484,1114585.98
485,1072859.08
486,1427109.38
487,1094866.98
488,1142865.77
489,1082310.93
490,1184432.32
491,1027931.42
492,916912.52
493,1127166.65
494,1206175.89
495,1768744.15
496,1318394.4
497,1222836.32
498,1194541.5
499,1254183.1
500,1473062.87
501,1757404.59
502,1143129.18
503,1153192.53
504,1084951.72
505,1457199.31
506,1496281.27
507,1240782.88
508,1106963.83
509,1133014.48
510,1347569.18
511,1127746.55
512,1460222.42
513,1039868.24
514,1004264.8
515,1037118.29
516,2102336.9
517,1186347.25
518,1164437.44
519,1207160.45
520,1356544.07
521,1258116.02
522,1104423.48
523,1025660.69
524,1414141.9
525,1568227.49
526,1254545.47
527,1546469.35
528,949864.94
529,1096340.02
530,1426771.67
531,1167501.73
532,1165143.04
533,1411615.17
534,989300.46
535,909281.43
536,1139804.6
537,2055550.63
538,1274217.5
539,1539114.56
540,1007507.18
541,1036167.99
542,1242701.03
543,1351899.72
544,1114250.37
545,1150838.32
546,971486.93
547,1532082.81
548,1033821.99
549,1172625.91
550,1151617.1
551,1211518.1
552,1304977.06
553,1180829.18
554,1295064.42
555,862239.42
556,1281204.42
557,1121502.23
558,984208.7
559,1609333.07
560,1331151.9
561,1183228.27
562,839099.39
563,1162614.04
564,1220139.16
565,1128818.14
566,1067305.35
567,1087990.15
568,1146899.07
569,1484403.46
570,2446677.74
571,1268708.37
572,1279017.27
573,1245177.09
574,1090794.9
575,1134431.23
576,1683340.72
577,1238597.18
578,968526.24
579,1240352.59
580,1304268.35
581,1118578.9
582,1981850.92
583,1923507.74
584,1010039.95
585,1459131.04
586,1242543.57
587,1405965.34
588,1320787.98
589,1162892.23
590,1053750.68
591,1361995.55
592,1025327.25
593,1070293.16
594,1035401.76
595,1067852.39
596,1159594.56
597,931248.57
598,1180699.16
599,1259934.39
600,1116037.01
601,1044791.04
602,1455905.0
603,1081545.54
604,1221829.08
605,1530601.13
606,994034.0
607,1248507.32
608,1187285.42
609,1453542.17
610,1074896.42
611,1148201.83
612,1093560.57
613,1505812.48
614,1155869.09
615,1976083.36
616,1093135.28
617,1105149.01
618,996304.2
619,1290237.88
620,1081701.94
621,1168238.77
622,2265511.07
623,1474394.14
624,1133467.89
625,1179406.68
626,1055432.52
627,1557718.14
628,1275254.61
629,1370470.82
630,1020987.5
631,1238079.43
632,1175135.35
633,1150899.84
634,1071962.57
635,1143363.04
636,1154954.2
637,1134351.33
638,1096069.44
639,859077.41
640,1248996.73
641,1307701.9
642,1171699.78
643,1125962.07
644,1138297.68
645,1147990.14
646,997044.03
647,1038692.72
648,1078379.79
649,1108545.79
650,1193181.09
651,1304302.62
652,936235.98
653,1272312.82
654,994503.29
655,1355586.45
656,1095742.71
657,993859.03
658,1003957.21
659,1123318.26
660,1135307.14
661,1213120.91
662,1146384.77
663,1188952.89
664,1094600.92
665,1039710.19
666,1075787.86
667,1142797.63
668,1508551.58
669,1213332.1
670,1455663.24
671,1186439.27
672,1082565.37
673,1293176.19
674,1251504.72
675,1183254.64
676,1064529.73
677,1064685.87
678,1004141.01
679,955205.05
680,1184284.69
681,787212.77
682,1052799.65
683,1060852.72
684,1064124.41
685,1358651.94
686,1439431.02
687,1053495.86
688,1179623.3
689,1166603.14
690,1224033.76
691,1352055.92
692,1399433.03
693,1462500.07
694,1209298.72
695,1254564.45
696,1208568.76
697,788917.11
698,1292283.4
699,1109914.03
700,1102012.21
701,1040963.78
702,1144050.02
703,1269099.37
704,1241233.04
705,1041174.53
706,1227944.03
707,1463263.65
708,937555.51
709,1965467.21
710,952652.67
711,1247113.85
712,1110015.9
713,1009967.25
714,1175754.81
715,1333680.26
716,1287566.47
717,1315121.75
718,1024510.84
719,838297.3
720,1008249.9
721,1129425.27
722,1079442.54
723,912941.27
724,1304914.24
725,1329732.07
726,1242425.68
727,1153705.52
728,1252745.04
729,1092821.27
730,1209570.66
731,1240505.53
732,982478.01
733,1092429.4
734,1156827.38
735,1024176.63
736,1024671.65
737,1131193.51
738,1886413.3
739,1199156.49
740,1102162.74
741,1499878.19
742,1331896.96
743,1252522.21
744,1049503.35
745,1042990.22
746,979784.62
747,1311738.48
748,1246247.56
749,1111700.44
750,1034978.22
751,1035944.26
752,1075425.28
753,1118829.18
754,996225.33
755,1520391.9
756,1300058.21
757,1087562.92
758,1145305.05
759,1089750.24
760,1199242.61
761,1100687.75
762,1310878.95
763,954840.12
764,1298746.03
765,1063887.09
766,1208356.86
767,1669950.97
768,1206373.2
769,1235465.88
770,1084555.07
771,1539964.68
772,1610110.56
773,1346180.78
774,1170057.29
775,1266954.2
776,1666306.99
777,1633938.93
778,1026434.89
779,1011723.49
780,1052131.89
781,1007837.62
782,1175461.73
783,1288704.32
784,1037415.28
785,1103492.35
786,845853.8
787,1321496.63
788,1228192.0
789,951434.77
790,1012802.51
791,1222203.22
792,980530.56
793,822535.69
794,1307249.84
795,1030508.64
796,1174403.46
797,1013820.61
798,1419459.0
799,1072156.4
800,1127205.0
801,1147367.6
802,1492224.44
803,1536970.83
804,1100934.14
805,1188029.75
806,1082209.1
807,985964.43
808,1086035.09
809,1518654.13
810,1160254.11
811,1238480.55
812,1134944.18
813,974830.31
814,1413392.02
815,1331135.54
816,1410845.0
817,1099417.84
818,1055663.71
819,1350782.2
820,1162118.15
821,1091298.53
822,1114290.19
823,1225744.79
824,1085754.66
825,1779841.47
826,992162.56
827,1026941.96
828,1168775.08
829,1078136.35
830,1265672.97
831,977924.2
832,883781.76
833,1232064.18
834,1082751.22
835,1245866.3
836,1308518.84
837,1061833.36
838,1323123.03
839,1037731.92
840,971799.97
841,1118753.93
842,1261735.63
843,1884477.92
844,1192295.66
845,1272883.86
846,1035657.86
847,857862.28
848,1011850.7
849,1203112.35
850,1067900.27
851,1240571.94
852,1036913.38
853,1226383.21
854,937187.36
855,1221105.7
856,997797.76
857,1537240.29
858,1018469.71
859,1375423.68
860,1076025.99
861,962891.37
862,1260799.25
863,1116239.62
864,1098875.22
865,1379949.71
866,985708.38
867,1434353.28
868,1917670.6
869,1212560.35
870,1158207.47
871,1621788.53
872,1280855.7
873,1380383.21
874,1557981.85
875,862278.83
876,1406274.86
877,1200897.91
878,936522.88
879,980063.68
880,1134401.55
881,1386111.39
882,1387998.09
883,1091918.68
884,1473546.49
885,1667666.87
886,1185370.62
887,970137.74
888,1113938.38
889,1152068.6
890,1300466.95
891,1319365.72
892,1211177.66
893,1022111.93
894,712492.36
895,1474118.93
896,1227355.21
897,1043069.32
898,1036136.62
899,1137018.03
900,1342532.15
901,1078559.16
902,1012535.18
903,1229860.82
904,1208726.06
905,1125553.34
906,1397975.5
907,1249160.75
908,1251938.75
909,1883454.09
910,1198859.19
911,1015345.35
912,1056720.43
913,1389445.92
914,1391575.1
915,1598116.81
916,1071310.83
917,1801170.28
918,1065553.49
919,1023905.84
920,1095773.39
921,2413665.77
922,1292004.64
923,989971.07
924,1074867.33
925,1107538.49
926,1183013.7
927,1230456.13
928,1202066.71
929,1367129.26
930,1104158.25
931,1136441.79
932,1332201.41
933,1052218.43
934,1186930.27
935,1153886.57
936,1117844.48
937,1572829.76
938,1031846.25
939,1378327.42
940,1170380.66
941,2403770.63
942,1227721.62
943,1089412.42
944,1238427.26
945,1582009.59
946,1121285.45
947,1094098.63
948,1223326.1
949,1338547.25
950,1079932.66
951,1160088.91
952,1422890.3
953,1427624.88
954,1575022.49
955,1060580.2
956,1737411.33
957,1021444.28
958,1070753.71
959,984818.38
960,1387015.52
961,1183211.5
962,1091008.64
963,1136058.37
964,1815350.94
965,1027913.82
966,987779.18
967,1181869.71
968,1280134.08
969,1051997.27
970,1245581.39
971,1042517.41
972,1128159.72
973,964237.41
974,961061.32
975,975198.94
976,1040056.5
977,809230.28
978,3316425.84
979,1427679.53
980,996934.25
981,1096906.15
982,1055430.41
983,1008655.11
984,944033.21
985,1213202.64
986,1320392.4
987,1449500.72
988,1250916.69
989,1009717.22
990,1087296.7
991,1364268.28
992,1227460.29
993,926701.26
994,1136574.1
995,1336982.46
996,1123146.15
997,1465993.6
998,1136456.9
999,1213075.02
1000,1057785.02
1001,2159620.04
1002,1133269.34
1003,932170.59
1004,1622059.6
1005,1029542.78
1006,1024545.92
1007,1271177.05
1008,1272711.34
1009,1148533.31
1010,883176.39
1011,1654338.05
1012,1214112.05
1013,1182130.02
1014,980696.86
1015,1107358.22
1016,1213727.52
1017,770385.83
1018,1205374.24
1019,996222.69
1020,997521.64
1021,985073.56
1022,968653.97
1023,1057460.82
1024,1488156.11
1025,1411907.74
1026,1418437.07
1027,1076958.72
1028,1368763.31
1029,1395876.16
1030,1284204.33
1031,1071359.32
1032,958044.29
1033,2408654.91
1034,1087964.29
1035,1029530.91
1036,1165726.09
1037,996167.31
1038,1409010.05
1039,1073159.78
1040,1132963.64
1041,1114012.94
1042,815377.61
1043,1273117.53
1044,1146012.77
1045,1047183.87
1046,1171837.05
1047,1208157.02
1048,1241323.58
1049,1332742.56
1050,1431608.07
1051,1042116.3
1052,1570464.38
1053,1289380.8
1054,1689415.97
1055,990983.73
1056,1039963.71
1057,1232339.75
1058,1373922.14
1059,1665524.41
1060,1271308.99
1061,961821.04
1062,1944162.84
1063,1304631.21
1064,1218042.87
1065,1130207.22
1066,1088088.93
1067,990347.12
1068,1136083.94
1069,1435653.07
1070,1416192.95
1071,1327413.56
1072,1768399.13
1073,1142154.26
1074,953671.4
1075,1150025.15
1076,1080975.8
1077,1013283.15
1078,933941.31
1079,1020240.73
1080,1281695.92
1081,1054655.16
1082,1116878.72
1083,1706802.84
1084,1157289.23
1085,1179616.07
1086,987774.04
1087,1145052.03
1088,1101292.18
1089,967087.7
1090,982992.33
1091,1455614.55
1092,1199142.58
1093,1067544.47
1094,1089589.03
1095,929202.66
1096,1233630.35
1097,1219328.69
1098,1101218.34
1099,1103050.72
1100,1250053.2
1101,1277119.69
1102,1107830.81
1103,1303215.74
1104,1178043.14
1105,1108941.9
1106,1022439.24
1107,1246005.17
1108,1121980.9
1109,1020914.54
1110,1242118.12
1111,1422550.39
1112,1383796.99
1113,995740.32
1114,950075.76
1115,1273881.82
1116,1216751.63
1117,1013395.5
1118,1102803.77
1119,947793.57
1120,1286005.4
1121,1435945.18
1122,1074741.48
1123,1771938.1
1124,1048241.74
1125,1380203.7
1126,999972.46
1127,1266522.11
1128,798166.5
1129,1233342.82
1130,1156116.36
1131,1122957.74
1132,1116903.22
1133,982883.81
1134,1693764.74
1135,1231252.35
1136,1770476.07
1137,1336948.88
1138,1105349.51
1139,1660941.95
1140,1101130.74
1141,1005027.27
1142,1019229.71
1143,1121060.72
1144,982962.24
1145,1108731.72
1146,989580.24
1147,1046072.89
1148,1343876.26
1149,1456439.32
1150,1333136.57
1151,864101.45
1152,2029444.33
1153,1210550.34
1154,976657.1
1155,1002281.07
1156,1134816.74
1157,1024572.06
1158,906991.08
1159,1120204.4
1160,1007046.83
1161,1079809.17
1162,1037332.92
1163,1112342.38
1164,1101197.25
1165,1523343.61
1166,1059411.73
1167,1188038.75
1168,988945.36
1169,1373319.05
1170,2110595.94
1171,1339661.4
1172,1327855.09
1173,1211507.72
1174,1627661.85
1175,1010761.23
1176,825696.81
1177,1273395.34
1178,1438514.21
1179,1363136.69
1180,1083791.57
1181,1428642.53
1182,918184.36
1183,923429.51
1184,1187732.27
1185,1046645.06
1186,1001868.11
1187,1223171.21
1188,1211342.52
1189,993456.92
1190,1288622.03
1191,1008442.19
1192,931727.44
1193,1660571.63
1194,1154825.16
1195,967414.83
1196,1031391.37
1197,1075693.72
1198,896864.24
1199,848732.43
1200,1029924.35
1201,917826.99
1202,1090292.94
1203,932148.32
1204,974245.13
1205,642069.95
1206,991500.56
1207,1024786.15
1208,1421834.81
1209,1141456.63
1210,1204521.97
1211,1300528.02
1212,1004249.65
1213,1246087.51
1214,1241102.28
1215,960420.5
1216,1140705.41
1217,1725773.68
1218,1044941.83
1219,1211148.65
1220,1276694.91
1221,1038961.03
1222,931824.72
1223,1038024.58
1224,1121886.91
1225,1080251.29
1226,1236982.56
1227,950771.19
1228,1089683.92
1229,1187379.53
1230,999428.38
1231,1031921.86
1232,919208.32
1233,1016796.03
1234,1106606.59
1235,1415753.05
1236,1011723.92
1237,1759574.77
1238,1086808.06
1239,1198927.45
1240,1047769.43
1241,1354655.81
1242,959700.94
1243,1106722.74
1244,944219.28
1245,2375879.83
1246,1600683.57
1247,1475706.03
1248,1039334.08
1249,930420.34
1250,957809.1
1251,1222243.45
1252,1354697.76
1253,1166137.1
1254,979806.58
1255,1477510.72
1256,1243262.83
1257,1053908.07
1258,1194807.49
1259,1420781.5
1260,1079899.82
1261,1091191.3
1262,940993.73
1263,1288256.75
1264,1023707.51
1265,1314224.46
1266,939136.71
1267,1027539.75
1268,1056110.31
1269,914412.95
1270,1100400.73
1271,1475822.15
1272,1062475.07
1273,1293327.09
1274,1092771.32
1275,928492.58
1276,1321254.2
1277,1149193.9
1278,1205004.48
1279,1788341.49
1280,894370.72
1281,981147.98
1282,1235026.85
1283,1508810.73
1284,1072959.39
1285,1212125.42
1286,1220424.84
1287,951931.87
1288,996288.17
1289,965886.0
1290,1163112.22
1291,1399972.48
1292,1165824.74
1293,1037247.69
1294,1803485.52
1295,1003281.1
1296,1284113.39
1297,1048047.3
1298,1008918.6
1299,1082373.19
1300,1339688.42
1301,1043693.82
1302,1196794.38
1303,1090658.61
1304,1163213.17
1305,1165047.25
1306,1277132.94
1307,1277050.14
1308,1335348.87
1309,1159030.91
1310,946730.83
1311,985581.27
1312,997548.2
1313,1203715.1
1314,911773.13
1315,1433289.28
1316,1217272.03
1317,853846.49
1318,1028182.85
1319,1151092.72
1320,1176022.24
1321,2122661.59
1322,1601532.43
1323,1160136.7
1324,1162435.02
1325,1156101.33
1326,1249066.2
1327,1155427.18
1328,871392.84
1329,677262.55
1330,1058862.69
1331,977534.86
1332,1534488.52
1333,1133216.27
1334,1133461.24
1335,1218916.31
1336,1123881.53
1337,1045475.53
1338,989741.21
1339,1097909.65
1340,957179.87
1341,1329527.31
1342,1052911.35
1343,1865644.66
1344,1285272.72
1345,1184224.36
1346,1973143.18
1347,1186414.87
1348,1301448.32
1349,1179606.32
1350,1031321.66
1351,1055083.75
1352,1006876.31
1353,1503215.56
1354,1309768.81
1355,1102027.26
1356,1049200.83
1357,1033667.27
1358,955145.06
1359,1114739.51
1360,1082215.07
1361,1039874.7
1362,1352388.77
1363,1324940.46
1364,1158762.91
1365,1196157.61
1366,1699738.56
1367,1301546.52
1368,1072755.54
1369,1051127.76
1370,982079.26
1371,947185.17
1372,1265995.46
1373,999459.45
1374,925367.94
1375,1375175.87
1376,1080328.99
1377,1129144.63
1378,1006142.65
1379,975440.17
1380,1095707.99
1381,1039699.33
1382,1148074.22
1383,974209.04
1384,1174682.43
1385,1287675.58
1386,1321753.37
1387,1150909.33
1388,1519029.68
1389,1013457.52
1390,1572771.06
1391,1083900.11
1392,945845.62
1393,753363.27
1394,1016079.82
1395,1302300.5
1396,896620.59
1397,1213533.39
1398,1266884.17
1399,1153872.82
1400,1287334.53
1401,1006455.33
1402,986393.96
1403,1268142.33
1404,945841.18
1405,1334462.9
1406,1005927.6
1407,992100.88
1408,1175315.11
1409,1271747.95
1410,1369397.35
1411,620594.98
1412,1415200.19
1413,1345271.32
1414,1912848.0
1415,1107830.74
1416,992629.89
1417,1205201.21
1418,1150069.91
1419,961552.01
1420,1151822.28
1421,1961733.23
1422,1279148.41
1423,1386084.28
1424,926055.08
1425,1070567.16
1426,895277.23
1427,1150349.71
1428,1048581.09
1429,1135275.68
1430,941115.94
1431,1261442.77
1432,1119970.15
1433,1264626.68
1434,995240.75
1435,1169851.76
1436,1093676.2
1437,1231279.7
1438,1467565.95
1439,1641613.44
1440,1207446.43
1441,1071223.81
1442,1618739.52
1443,995954.1
1444,1328076.4
1445,1020711.11
1446,1124546.74
1447,991314.0
1448,1350862.84
1449,1408288.79
1450,1020695.7
1451,1293735.23
1452,1179395.07
1453,1285880.34
1454,979046.07
1455,1237203.1
1456,1146310.6
1457,866023.72
1458,1076990.43
1459,989966.41
1460,1034157.98
1461,1007698.13
1462,1312604.31
1463,1210969.26
1464,979935.02
1465,1020930.67
1466,1009705.69
1467,1327982.06
1468,1097392.72
1469,1073393.88
1470,1368802.45
1471,969579.7
1472,1141908.34
1473,1060435.15
1474,1045880.37
1475,1510514.02
1476,1185435.68
1477,981259.11
1478,922133.18
1479,1141149.46
1480,932320.2
1481,1116584.34
1482,1064895.63
1483,1122827.75
1484,1290624.22
1485,831712.96
1486,1010875.95
1487,1147061.4
1488,936690.37
1489,1152499.9
1490,1423220.97
1491,1082566.19
1492,947871.76
1493,1619360.0
1494,1157932.65
1495,996955.66
1496,1192444.12
1497,1598505.98
1498,1005115.83
1499,981543.08
1500,1036766.56
1501,1138892.48
1502,1181052.11
1503,1271809.01
1504,1458118.3
1505,1136890.33
1506,1212993.09
1507,1277364.21
1508,1800158.25
1509,987337.89
1510,1461253.61
1511,942736.04
1512,2395674.09
1513,1182887.55
1514,1351495.83
1515,1098251.03
1516,1161062.75
1517,1005176.91
1518,1031276.27
1519,1061306.45
1520,971426.43
1521,891567.16
1522,1107712.08
1523,1033811.27
1524,1017192.97
1525,888512.5
1526,873927.79
1527,1027036.84
1528,948364.08
1529,1295054.48
1530,1148539.03
1531,1367123.3
1532,1514997.22
1533,1180960.22
1534,747278.59
1535,921497.33
1536,717828.51
1537,2117535.02
1538,1157510.83
1539,971234.85
1540,1128400.69
1541,1262549.86
1542,1016559.0
1543,1057573.33
1544,994055.81
1545,1058195.19
1546,965741.12
1547,1348182.45
1548,1074158.95
1549,1293670.41
1550,1034007.0
1551,984091.84
1552,1062028.68
1553,1445781.66
1554,1670606.81
1555,1485488.8
1556,959540.34
1557,1161500.19
1558,1127087.13
1559,1112492.11
1560,995735.91
1561,1081199.36
1562,1106363.28
1563,955544.88
1564,1007537.18
1565,1059135.75
1566,717713.73
1567,877120.67
1568,1080381.98
1569,1014887.2
1570,1057264.78
1571,988492.63
1572,1190957.68
1573,1162959.16
1574,1088042.46
1575,1152360.65
1576,1159232.24
1577,1048915.93
1578,922265.44
1579,1051327.71
1580,1042110.4
1581,1109865.74
1582,1281698.22
1583,1042304.34
1584,962336.47
1585,1033430.9
1586,987227.94
1587,962557.78
1588,1036905.72
1589,1046828.09
1590,960995.4
1591,1150150.46
1592,938556.11
1593,989492.6
1594,933011.79
1595,871250.72
1596,1392319.29
1597,1105510.91
1598,1264694.21
1599,1309515.98
1600,961335.85
1601,1517447.08
1602,1047742.69
1603,1007265.04
1604,1241660.23
1605,891905.63
1606,1007952.64
1607,951729.51
1608,1223634.19
1609,1060794.67
1610,1213004.31
1611,1111839.21
1612,1094530.92
1613,1003729.3
1614,1076922.86
1615,1005640.06
1616,1019675.78
1617,1780498.24
1618,1139309.37
1619,1382141.13
1620,989524.21
1621,1104540.05
1622,1265271.12
1623,847134.69
1624,987510.76
1625,1022769.23
1626,937153.18
1627,1338549.34
1628,896012.46
1629,1052015.91
1630,1124271.68
1631,1328808.26
1632,989467.65
1633,1223564.33
1634,1083282.95
1635,1313178.43
1636,1050932.57
1637,986968.75
1638,2326456.46
1639,1159820.0
1640,1206762.23
1641,1140669.82
1642,940043.33
1643,1514288.9
1644,1342830.99
1645,1776537.39
1646,1386830.08
1647,1169397.26
1648,1138894.06
1649,1197099.66
1650,929715.89
1651,1192988.88
1652,1285396.91
1653,1342165.42
1654,974037.31
1655,1285161.36
1656,1080884.94
1657,1315150.85
1658,1177929.57
1659,1258324.19
1660,1007538.24
1661,992540.88
1662,952032.7
1663,1274455.07
1664,1886488.73
1665,983485.14
1666,970988.79
1667,1080830.59
1668,938001.89
1669,1040067.84
1670,1042574.47
1671,958735.95
1672,1438171.61
1673,1094420.41
1674,1012354.07
1675,1319218.73
1676,1077727.31
1677,883795.11
1678,729581.17
1679,938623.35
1680,1024054.36
1681,916538.32
1682,1001495.96
1683,981949.4
1684,1017501.1
1685,1191308.36
1686,1038950.68
1687,1019777.18
1688,1023133.25
1689,963268.06
1690,1143278.04
1691,1237081.91
1692,958761.21
1693,946859.34
1694,1381730.98
1695,1046102.97
1696,1025648.91
1697,915282.05
1698,794281.38
1699,1171221.88
1700,946118.17
1701,1028208.77
1702,1255391.97
1703,891367.37
1704,1164132.72
1705,1268613.37
1706,1214827.35
1707,767597.66
1708,1116226.56
1709,1106547.34
1710,1417628.73
1711,988594.53
1712,1148180.38
1713,971353.67
1714,936150.44
1715,949716.63
1716,1086156.25
1717,830740.17
1718,965975.04
1719,947359.97
1720,1037217.55
1721,1030565.45
1722,1139072.57
1723,1054520.17
1724,971387.66
1725,1270880.16
1726,731950.3
1727,1179359.38
1728,1211707.0
1729,1740095.46
1730,883234.78
1731,1110959.03
1732,1027188.51
1733,1315985.06
1734,1124359.79
1735,1451937.13
1736,1017593.16
1737,1033871.26
1738,1024994.35
1739,1064215.01
1740,921219.65
1741,1059730.45
1742,1175512.57
1743,1336596.51
1744,901406.18
1745,1121317.39
1746,964668.45
1747,1508609.78
1748,1049232.47
1749,1377768.95
1750,1141543.37
1751,1076963.0
1752,1132167.93
1753,1151237.82
1754,1065798.88
1755,1160348.88
1756,852529.29
1757,985356.6
1758,946948.22
1759,1066222.84
1760,1329058.21
1761,1131340.39
1762,1251609.71
1763,1015287.85
1764,1621563.45
1765,1494713.99
1766,1039004.58
1767,1119677.98
1768,1054595.07
1769,1447305.81
1770,1472776.32
1771,1196048.75
1772,1088398.79
1773,990844.89
1774,951421.23
1775,921212.16
1776,1459584.56
1777,1061509.39
1778,1389415.51
1779,1199659.12
1780,868758.03
1781,984029.24
1782,787900.85
1783,1051965.57
1784,1049173.65
1785,1123636.86
1786,1103014.32
1787,1028138.29
1788,1022911.69
1789,1637723.03
1790,1348535.3
1791,1149543.6
1792,1140690.79
1793,960949.13
1794,1271709.06
1795,959220.73
1796,1871884.42
1797,1994765.28
1798,1003869.76
1799,1968300.22
1800,911198.27
1801,1106295.0
1802,1037343.71
1803,1167471.6
1804,1302152.61
1805,1017901.43
1806,1053634.29
1807,1090577.54
1808,1068102.62
1809,1365117.73
1810,924978.74
1811,1027973.05
1812,977189.57
1813,1222153.27
1814,1007833.95
1815,928875.95
1816,927557.33
1817,1062641.0
1818,1117956.3
1819,1284499.11
1820,1007614.99
1821,996135.0
1822,1264019.9
1823,1063369.02
1824,1253841.1
1825,975912.52
1826,978216.31
1827,1167246.87
1828,1047877.44
1829,1602314.73
1830,1212796.54
1831,966239.34
1832,1336913.19
1833,1192500.36
1834,1229164.57
1835,919548.06
1836,894024.16
1837,1694407.36
1838,953812.43
1839,956864.88
1840,1332083.05
1841,1082981.13
1842,904786.01
1843,914387.86
1844,1078327.53
1845,1094506.48
1846,1296771.87
1847,1057803.99
1848,1108361.59
1849,1511458.25
1850,1035380.21
1851,1023387.74
1852,1144743.43
1853,1129271.88
1854,990290.18
1855,1269447.89
1856,1091103.31
1857,1263825.22
1858,709971.35
1859,1054220.07
1860,1106354.96
1861,1552042.5
1862,1155841.32
1863,914643.2
1864,954898.82
1865,1261447.87
1866,970780.76
1867,873492.31
1868,996752.19
1869,1455492.59
1870,915872.28
1871,990047.37
1872,1113344.02
1873,1469015.34
1874,1276255.92
1875,1117610.23
1876,1329036.8
1877,1033235.25
1878,1236347.96
1879,1118326.75
1880,1651004.73
1881,1010663.08
1882,1056364.21
1883,1318188.92
1884,1232246.91
1885,939876.0
1886,988927.63
1887,1106933.15
1888,841452.02
1889,825118.77
1890,1188756.46
1891,958787.74
1892,1065904.9
1893,973017.0
1894,1194646.35
1895,1036650.61
1896,1082001.09
1897,1100099.68
1898,1186515.52
1899,1195775.94
1900,1000681.16
1901,1018035.25
1902,994746.33
1903,1301371.24
1904,994499.47
1905,821410.84
1906,1073385.4
1907,1006976.99
1908,1369397.43
1909,1131054.41
1910,1138205.34
1911,1047863.29
1912,1021264.49
1913,883367.87
1914,884872.87
1915,1101579.24
1916,1096452.48
1917,1118122.74
1918,1076406.59
1919,1622328.36
1920,889262.08
1921,1223039.98
1922,1127561.78
1923,1123988.98
1924,983029.53
1925,1068222.11
1926,1374842.54
1927,1042945.56
1928,984997.13
1929,970290.87
1930,1433131.72
1931,1311294.95
1932,1176849.31
1933,954360.23
1934,1059461.7
1935,952962.21
1936,3370201.02
1937,978469.51
1938,1380454.23
1939,1528987.62
1940,956766.08
1941,960913.91
1942,899520.26
1943,1163409.49
1944,967771.39
1945,925597.26
1946,1027982.43
1947,1174413.23
1948,1132144.47
1949,921046.78
1950,1181569.55
1951,1064412.13
1952,1001693.03
1953,1118004.7
1954,1063777.45
1955,988197.04
1956,1097236.81
1957,927316.86
1958,1046381.16
1959,1177819.66
1960,1154226.64
1961,1404750.32
1962,1071361.74
1963,1075850.29
1964,883800.14
1965,919050.58
1966,1267605.3
1967,940943.16
1968,1212846.38
1969,1296135.14
1970,829532.46
1971,1162152.42
1972,813135.09
1973,991648.53
1974,1092571.83
1975,1192845.86
1976,1153873.78
1977,848797.15
1978,979362.7
1979,1138687.66
1980,1130768.05
1981,1250370.01
1982,1093496.43
1983,1148345.68
1984,1259883.23
1985,912930.37
1986,969261.12
1987,1007413.46
1988,1154200.52
1989,1022736.5
1990,1254266.32
1991,865279.33
1992,959849.42
1993,911062.42
1994,1308706.01
1995,997051.33
1996,975740.63
1997,1044522.51
1998,1114942.75
1999,998339.38
